<?xml version="1.0" encoding="UTF-8"?>
<beans xmlns="http://www.springframework.org/schema/beans"
	xmlns:xsi="http://www.w3.org/2001/XMLSchema-instance" xmlns:p="http://www.springframework.org/schema/p"
	xmlns:context="http://www.springframework.org/schema/context"
	xmlns:jee="http://www.springframework.org/schema/jee" xmlns:aop="http://www.springframework.org/schema/aop"
	xmlns:tx="http://www.springframework.org/schema/tx" xmlns:util="http://www.springframework.org/schema/util"
	xsi:schemaLocation="
	http://www.springframework.org/schema/util http://www.springframework.org/schema/util/spring-util-3.0.xsd
	http://www.springframework.org/schema/beans http://www.springframework.org/schema/beans/spring-beans-3.0.xsd
	http://www.springframework.org/schema/context http://www.springframework.org/schema/context/spring-context-3.0.xsd
	http://www.springframework.org/schema/jee http://www.springframework.org/schema/jee/spring-jee-3.0.xsd
	http://www.springframework.org/schema/aop http://www.springframework.org/schema/aop/spring-aop-3.0.xsd
	http://www.springframework.org/schema/tx http://www.springframework.org/schema/tx/spring-tx-3.0.xsd"
	default-lazy-init="false">

	<bean id="argsViolationsAdvice" class="spc.webos.advice.ArgsViolationsAdvice" />
	<bean id="logTraceAdvice" class="spc.webos.advice.log.LogTraceAdvice"
		p:uuid-ref="uuid" />
	<bean id="methodCacheAdvice" class="spc.webos.advice.cache.MethodCacheAdvice" />

	<aop:config>
		<aop:aspect id="LogTraceAdvice" ref="logTraceAdvice" order="0">
			<aop:around pointcut="execution(* *..*Service.*(..))"
				method="trace" />
			<aop:around pointcut="execution(* spc.webos.config.Config.refresh(..))"
				method="trace" />
		</aop:aspect>
		<aop:aspect id="ArgsViolationsAdvice" ref="argsViolationsAdvice"
			order="5">
			<aop:around pointcut="execution(* *..*Service.*(..))"
				method="validate" />
		</aop:aspect>
		<aop:aspect id="MethodCacheAdvice" ref="methodCacheAdvice"
			order="6">
			<aop:around pointcut="execution(* *..*Service.*(..))"
				method="cache" />
		</aop:aspect>
	</aop:config>
</beans>