<?xml version="1.0" encoding="UTF-8"?>
<beans xmlns="http://www.springframework.org/schema/beans"
	xmlns:xsi="http://www.w3.org/2001/XMLSchema-instance" xmlns:p="http://www.springframework.org/schema/p"
	xmlns:context="http://www.springframework.org/schema/context"
	xmlns:jee="http://www.springframework.org/schema/jee" xmlns:tx="http://www.springframework.org/schema/tx"
	xmlns:util="http://www.springframework.org/schema/util"
	xsi:schemaLocation="
		http://www.springframework.org/schema/util http://www.springframework.org/schema/util/spring-util-3.0.xsd
		http://www.springframework.org/schema/beans http://www.springframework.org/schema/beans/spring-beans-3.0.xsd
		http://www.springframework.org/schema/context http://www.springframework.org/schema/context/spring-context-3.0.xsd
		http://www.springframework.org/schema/jee http://www.springframework.org/schema/jee/spring-jee-3.0.xsd
		http://www.springframework.org/schema/tx http://www.springframework.org/schema/tx/spring-tx-3.0.xsd"
	default-lazy-init="false">

	<context:annotation-config />
	<bean class="spc.webos.bean.InjectBeanSelfProcessor" />
	<bean class="spc.webos.config.PropertyConfigurer" />

	<bean id="appconfig" class="spc.webos.config.AppConfig"
		factory-method="getInstance" p:product="${app.product?true}" p:run="${app.config.run?true}" />

	<bean id="springutil" class="spc.webos.util.SpringUtil"
		factory-method="getInstance" depends-on="appconfig" p:jvm="${app.workerId?00}"
		p:app="${app.name?SPC}" p:ip="${app.ip?}" p:dataDir="${app.dataDir?}" />
	<bean id="ftlCfg" class="freemarker.template.Configuration"
		p:defaultEncoding="${app.ftl.charset?UTF-8}" />
	<bean id="ftlutil" class="spc.webos.util.FTLUtil" factory-method="getInstance"
		depends-on="springutil" p:templateLocations="${app.ftl.locations?}" />
	<bean id="uuid" class="spc.webos.service.seq.impl.TimeMillisUUID"
		p:workerId="${app.workerId?0}" p:format="${app.uuid.format?yyMMddHHmmssSSS}" />

	<bean id="RETCD" class="spc.webos.message.SysMessageSource"
		factory-method="getInstance" p:sqlId="${app.retcode?common_retcode}" />
	<bean id="messageSource" class="spc.webos.message.AppMessageSource"
		factory-method="getInstance" />
	<bean class="spc.webos.service.common.impl.FtlSqlServiceImpl"
		p:sys="common" />

	<bean class="spc.webos.endpoint.EndpointFactory" factory-method="getInstance"
		p:protocols="${app.endpoint.protocols?}" />

	<bean id="appRegisterService" class="spc.webos.service.common.impl.AppRegisterZKServiceImpl" />
	<bean id="mqService" class="spc.webos.mq.MQImpl" depends-on="ftlutil" />
	<bean class="spc.webos.server.netty.APIHttpNettyServer" p:port="${app.api.http.port?0}" />

	<bean class="org.springframework.beans.factory.config.CustomEditorConfigurer">
		<property name="customEditors">
			<map>
				<entry key="java.util.Map"
					value="spc.webos.bean.propertyeditors.JsonMapPropertyEditor" />
				<entry key="java.util.List"
					value="spc.webos.bean.propertyeditors.JsonListPropertyEditor" />
			</map>
		</property>
	</bean>
</beans>
