<?xml version="1.0" encoding="UTF-8"?>
<beans xmlns="http://www.springframework.org/schema/beans"
	xmlns:xsi="http://www.w3.org/2001/XMLSchema-instance" xmlns:p="http://www.springframework.org/schema/p"
	xmlns:context="http://www.springframework.org/schema/context"
	xmlns:jee="http://www.springframework.org/schema/jee" xmlns:aop="http://www.springframework.org/schema/aop"
	xmlns:tx="http://www.springframework.org/schema/tx" xmlns:util="http://www.springframework.org/schema/util"
	xsi:schemaLocation="
	http://www.springframework.org/schema/util http://www.springframework.org/schema/util/spring-util-3.0.xsd
	http://www.springframework.org/schema/beans http://www.springframework.org/schema/beans/spring-beans-3.0.xsd
	http://www.springframework.org/schema/context http://www.springframework.org/schema/context/spring-context-3.0.xsd
	http://www.springframework.org/schema/jee http://www.springframework.org/schema/jee/spring-jee-3.0.xsd
	http://www.springframework.org/schema/aop http://www.springframework.org/schema/aop/spring-aop-3.0.xsd
	http://www.springframework.org/schema/tx http://www.springframework.org/schema/tx/spring-tx-3.0.xsd"
	default-lazy-init="false">
	<bean id="tccDS" class="com.alibaba.druid.pool.DruidDataSource"
		init-method="init" destroy-method="close" p:url="${tcc.jdbc.url,default.jdbc.url}"
		p:driverClassName="${tcc.jdbc.driver,default.jdbc.driver?}"
		p:username="${tcc.jdbc.username,default.jdbc.username}" p:password="${tcc.jdbc.password,default.jdbc.password}"
		p:maxActive="${tcc.jdbc.maxActive?20}" p:testWhileIdle="false"
		p:dbType="${tcc.jdbc.dbType,default.jdbc.dbType?}" p:name="TCC" />
	<bean id="tccJT" class="spc.webos.persistence.jdbc.XJdbcTemplate"
		p:dataSource-ref="tccDS" />

	<bean id="tccRepository" class="spc.webos.tcc.repository.DBTCCRepository"
		p:uuid-ref="uuid" p:group="${tcc.group?}" p:instanceId="${app.workerId?00}" />
	<bean id="tccDoFailTXJobService" class="spc.webos.tcc.job.impl.DoFailTXJobServiceImpl"
		p:remark="Do Fail TCC transaction" />
	<bean id="tccAdvice" class="spc.webos.tcc.TccAdvice"
		p:repository-ref="tccRepository" />

	<!-- 使用基于JT的模式拦截多数据源事务 start -->
	<bean id="tccJTAdvice" class="spc.webos.persistence.jdbc.datasource.JTDynamicDSAdvice"
		p:jt="tccJT" p:force="true" />
	<bean
		class="org.springframework.jdbc.datasource.DataSourceTransactionManager"
		p:dataSource-ref="tccDS">
		<qualifier value="tcc" />
	</bean>
	<!-- 使用基于JT的模式拦截多数据源事务 end -->

	<aop:config>
		<aop:aspect id="TccJTAdvice" ref="tccJTAdvice" order="10">
			<aop:around pointcut="execution(* spc.webos.tcc.Repository.*(..))"
				method="routing" />
		</aop:aspect>
		<!-- must > jdbc transaction(20) -->
		<aop:aspect id="TCCAdvice" ref="tccAdvice" order="30">
			<aop:around pointcut="execution(* *..*TCCService.*(..))"
				method="tcc" />
			<aop:around pointcut="execution(* *..*TCCAService.try*(..))"
				method="doTry" />
		</aop:aspect>
	</aop:config>
</beans>